Workbook

Sheet 풀이
B2: 2-11 여러 시트 비교 — 풀이
B4: ① 나란히 놓기 | C4: 보기 → 새 창 → 보기 → 모두 정렬 → 세로. 각 창에서 다른 시트를 고릅니다.
B5: ② 같이 굴리기 | C5: 보기 → 나란히 보기 → 동시 스크롤. 두 창이 함께 움직입니다.
B6: ③ 수식으로 찾기 | C6: [수정기록] K5 에 비교 수식을 넣고 563행까지 끕니다. 같으면 TRUE, 다르면 FALSE.
B7: ④ FALSE 만 거르기 | C7: K열에 필터를 걸어 FALSE 만 고릅니다. 바뀐 줄만 남습니다.
B9: K열 수식 | C9: =AND(B5=원본기록!I5, C5=원본기록!J5, … I5=원본기록!P5) ← 여덟 칸을 한 번에
B10: L열 수식 | C10: =B5=원본기록!I5 ← 교안에 나온 한 칸짜리. 열마다 따로 볼 때 씁니다.
B11: 자리 주의 | C11: [원본기록] 은 왼쪽에 요약표가 붙어 있어 상세표가 I열부터입니다. [수정기록] 은 B열부터입니다. 그래서 B↔I 로 여덟 칸이 밀려 대응합니다.
B14: 답 — 563줄 중 7줄이 다릅니다
B15: 행 | C15: 바뀐 칸 | D15: 원본기록 | E15: 수정기록
B16: 37 | C16: 퇴근 | D16: (빈칸) | E16: 18:22:00
B17: 118 | C17: 퇴근 | D17: (빈칸) | E17: 21:40:00
C18: 야간근무 | D18: (빈칸) | E18: 야간근무
B19: 205 | C19: 구분 | D19: 평일(기본) | E19: 반차(수)
C20: 퇴근 | D20: 18:01:00 | E20: 13:02:00
B21: 291 | C21: 출근 | D21: 08:33 | E21: 09:12
C22: 지각 | D22: (빈칸) | E22: 지각
B23: 366 | C23: 구분 | D23: 휴일 | E23: 평일(토)
C24: 출근 | D24: - | E24: 09:05
C25: 퇴근 | D25: - | E25: 15:30
B26: 447 | C26: 퇴근 | D26: 18:18 | E26: 15:40:00
C27: 조퇴 | D27: (빈칸) | E27: 조퇴
B28: 522 | C28: 성명 | D28: 박인아 | E28: 나가자
B30: 눈으로는 못 찾습니다
B31: 13칸이 563줄 4,504칸 속에 흩어져 있습니다. K열 수식 + 필터면 몇 초입니다.

Sheet 원본기록
A2: 한마음 헤어샵 출퇴근 현황 (요약) | I2: 한마음 헤어샵 출퇴근 현황 (상세)
A4: 9 | B4: 초과근무(분) | C4: 시간외(분) | D4: 시간외(시간) | E4: 야간근무 | F4: 비고 | I4: 출근일자 | J4: 성명 | K4: 구분 | L4: 출근 | M4: 퇴근 | N4: 야간근무 | O4: 지각 | P4: 조퇴
A5: 이은나 | B5: 623 | C5: 934.5 | D5: 15.575 | E5: 4 | I5: 44075 | J5: 이은나 | K5: 평일(기본) | L5: 0.3625 | M5: 0.75833333
A6: 김진수 | B6: 631 | C6: 946.5 | D6: 15.775 | E6: 3 | I6: 44076 | J6: 이은나 | K6: 반차(수) | L6: 0.35902778 | M6: 0.52569444
A7: 김수로 | B7: 493 | C7: 739.5 | D7: 12.325 | E7: 1 | I7: 44077 | J7: 이은나 | K7: 평일(기본) | L7: 0.35972222 | M7: 0.77430556
A8: 박인아 | B8: 657 | C8: 985.5 | D8: 16.425 | E8: 1 | I8: 44078 | J8: 이은나 | K8: 평일(기본) | L8: 0.35763889 | M8: 0.75972222
A9: 장현수 | B9: 1579 | C9: 2368.5 | D9: 39.475 | E9: 6 | I9: 44079 | J9: 이은나 | K9: 평일(토) | L9: 0.34097222 | M9: 0.61944444
A10: 최준식 | B10: 34 | C10: 51 | D10: 0.85 | E10: 0 | I10: 44080 | J10: 이은나 | K10: 휴일 | L10: - | M10: -
A11: 나가자 | B11: 354 | C11: 531 | D11: 8.85 | E11: 3 | I11: 44081 | J11: 이은나 | K11: 평일(기본) | L11: 0.3625 | M11: 0.77430556
I12: 44082 | J12: 이은나 | K12: 평일(야간) | L12: 0.42847222 | M12: 0.86388889 | N12: 야간근무
A13: 10 | B13: 초과근무(분) | C13: 시간외(분) | D13: 시간외(시간) | E13: 야간근무 | F13: 비고 | I13: 44083 | J13: 이은나 | K13: 반차(수) | L13: 0.36041667 | M13: 0.53263889
A14: 이은나 | B14: 510 | C14: 765 | D14: 12.75 | E14: 5 | I14: 44084 | J14: 이은나 | K14: 평일(기본) | L14: 0.36180556 | M14: 0.75972222
A15: 김진수 | B15: 582 | C15: 873 | D15: 14.55 | E15: 4 | I15: 44085 | J15: 이은나 | K15: 평일(야간) | L15: 0.43055556 | M15: 0.84027778 | N15: 야간근무
A16: 김수로 | B16: 633 | C16: 949.5 | D16: 15.825 | E16: 2 | I16: 44086 | J16: 이은나 | K16: 평일(토) | L16: 0.34166667 | M16: 0.60902778
A17: 박인아 | B17: 594 | C17: 891 | D17: 14.85 | E17: 1 | I17: 44087 | J17: 이은나 | K17: 휴일 | L17: - | M17: -
A18: 장현수 | B18: 2010 | C18: 3015 | D18: 50.25 | E18: 7 | I18: 44088 | J18: 이은나 | K18: 조기(기본) | L18: 0.34236111 | M18: 0.73055556
A19: 최준식 | B19: 245 | C19: 367.5 | D19: 6.125 | E19: 2 | I19: 44089 | J19: 이은나 | K19: 조기(기본) | L19: 0.34027778 | M19: 0.7375
A20: 나가자 | B20: 539 | C20: 808.5 | D20: 13.475 | E20: 3 | I20: 44090 | J20: 이은나 | K20: 조기(수) | L20: 0.34166667 | M20: 0.57083333
I21: 44091 | J21: 이은나 | K21: 조기(기본) | L21: 0.34305556 | M21: 0.72916667
A22: 11 | B22: 초과근무(분) | C22: 시간외(분) | D22: 시간외(시간) | E22: 야간근무 | F22: 비고 | I22: 44092 | J22: 이은나 | K22: 조기(기본) | L22: 0.34236111 | M22: 0.73333333
A23: 이은나 | B23: 494 | C23: 741 | D23: 12.35 | E23: 3 | I23: 44093 | J23: 이은나 | K23: 반차(토) | L23: 0.33958333 | M23: 0.52430556
A24: 김진수 | B24: 700 | C24: 1050 | D24: 17.5 | E24: 5 | I24: 44094 | J24: 이은나 | K24: 휴일 | L24: - | M24: -
A25: 김수로 | B25: 620 | C25: 930 | D25: 15.5 | E25: 1 | I25: 44095 | J25: 이은나 | K25: 평일(기본) | L25: 0.35972222 | M25: 0.78958333
A26: 박인아 | B26: 768 | C26: 1152 | D26: 19.2 | E26: 1 | I26: 44096 | J26: 이은나 | K26: 평일(야간) | L26: 0.42708333 | M26: 0.83819444 | N26: 야간근무
A27: 장현수 | B27: 1950 | C27: 2925 | D27: 48.75 | E27: 8 | I27: 44097 | J27: 이은나 | K27: 반차(수) | L27: 0.35763889 | M27: 0.52361111
A28: 최준식 | B28: 428 | C28: 642 | D28: 10.7 | E28: 4 | I28: 44098 | J28: 이은나 | K28: 평일(기본) | L28: 0.36319444 | M28: 0.79513889
A29: 나가자 | B29: 486 | C29: 729 | D29: 12.15 | E29: 2 | I29: 44099 | J29: 이은나 | K29: 평일(야간) | L29: 0.42083333 | M29: 0.83194444 | N29: 야간근무 | P29: 조퇴
I30: 44100 | J30: 이은나 | K30: 평일(토) | L30: 0.34513889 | M30: 0.60555556
A31: 12 | B31: 초과근무(분) | C31: 시간외(분) | D31: 시간외(시간) | E31: 야간근무 | F31: 비고 | I31: 44101 | J31: 이은나 | K31: 휴일 | L31: - | M31: -
A32: 이은나 | B32: 0 | C32: 0 | D32: 0 | I32: 44075 | J32: 이은나 | K32: 평일(기본) | L32: 0.36388889 | M32: 0.76666667
A33: 김진수 | B33: 0 | C33: 0 | D33: 0 | I33: 44103 | J33: 이은나 | K33: 평일(야간) | L33: 0.42083333 | M33: 0.83611111 | N33: 야간근무
A34: 김수로 | B34: 0 | C34: 0 | D34: 0 | I34: 44104 | J34: 이은나 | K34: 휴일 | L34: - | M34: -
A35: 박인아 | B35: 0 | C35: 0 | D35: 0 | I35: 44075 | J35: 김진수 | K35: 평일(야간) | L35: 0.42222222 | M35: 0.88055556 | N35: 야간근무
A36: 장현수 | B36: 0 | C36: 0 | D36: 0 | I36: 44076 | J36: 김진수 | K36: 반차(수) | L36: 0.35763889 | M36: 0.53541667
A37: 최준식 | B37: 0 | C37: 0 | D37: 0 | I37: 44077 | J37: 김진수 | K37: 평일(기본) | L37: 0.36111111
A38: 나가자 | B38: 0 | C38: 0 | D38: 0 | I38: 44078 | J38: 김진수 | K38: 평일(야간) | L38: 0.42916667 | M38: 0.84097222 | N38: 야간근무
I39: 44079 | J39: 김진수 | K39: 평일(토) | L39: 0.34861111 | M39: 0.6
A40: 2021 | I40: 44080 | J40: 김진수 | K40: 휴일 | L40: - | M40: -
A41: 1 | B41: 초과근무(분) | C41: 시간외(분) | D41: 시간외(시간) | E41: 야간근무 | F41: 비고 | I41: 44081 | J41: 김진수 | K41: 평일(기본) | L41: 0.35972222 | M41: 0.77430556
A42: 이은나 | B42: 0 | C42: 0 | D42: 0 | I42: 44082 | J42: 김진수 | K42: 평일(야간) | L42: 0.43819444 | M42: 0.86388889 | N42: 야간근무 | O42: 지각
A43: 김진수 | B43: 0 | C43: 0 | D43: 0 | I43: 44083 | J43: 김진수 | K43: 반차(수) | L43: 0.35763889 | M43: 0.53263889
A44: 김수로 | B44: 0 | C44: 0 | D44: 0 | I44: 44084 | J44: 김진수 | K44: 평일(기본) | L44: 0.35486111 | M44: 0.76041667
A45: 박인아 | B45: 0 | C45: 0 | D45: 0 | I45: 44085 | J45: 김진수 | K45: 평일(기본) | L45: 0.34513889 | M45: 0.75208333
A46: 장현수 | B46: 0 | C46: 0 | D46: 0 | I46: 44086 | J46: 김진수 | K46: 평일(토) | L46: 0.34236111 | M46: 0.60902778
A47: 최준식 | B47: 0 | C47: 0 | D47: 0 | I47: 44087 | J47: 김진수 | K47: 휴일 | L47: - | M47: -
A48: 나가자 | B48: 0 | C48: 0 | D48: 0 | I48: 44088 | J48: 김진수 | K48: 평일(기본) | L48: 0.35763889 | M48: 0.76805556
I49: 44089 | J49: 김진수 | K49: 평일(야간) | L49: 0.42222222 | M49: 0.84027778 | N49: 야간근무
A50: 2 | B50: 초과근무(분) | C50: 시간외(분) | D50: 시간외(시간) | E50: 야간근무 | F50: 비고 | I50: 44090 | J50: 김진수 | K50: 반차(수) | L50: 0.35972222 | M50: 0.57083333
A51: 이은나 | C51: 0 | D51: 0 | I51: 44091 | J51: 김진수 | K51: 평일(기본) | L51: 0.35625
A52: 김진수 | C52: 0 | D52: 0 | I52: 44092 | J52: 김진수 | K52: 평일(야간) | L52: 0.43333333 | M52: 0.85069444 | N52: 야간근무
A53: 김수로 | C53: 0 | D53: 0 | I53: 44093 | J53: 김진수 | K53: 평일(토) | L53: 0.33680556 | M53: 0.60902778
A54: 박인아 | C54: 0 | D54: 0 | I54: 44094 | J54: 김진수 | K54: 휴일 | L54: - | M54: -
A55: 장현수 | C55: 0 | D55: 0 | I55: 44095 | J55: 김진수 | K55: 조기(기본) | L55: 0.33263889 | M55: 0.73125
A56: 최준식 | C56: 0 | D56: 0 | I56: 44096 | J56: 김진수 | K56: 조기(기본) | L56: 0.34722222 | M56: 0.73333333
A57: 나가자 | C57: 0 | D57: 0 | I57: 44097 | J57: 김진수 | K57: 조기(수) | L57: 0.33888889 | M57: 0.52361111
I58: 44098 | J58: 김진수 | K58: 조기(기본) | L58: 0.34513889 | M58: 0.73263889
A59: 3 | B59: 초과근무(분) | C59: 시간외(분) | D59: 시간외(시간) | E59: 야간근무 | F59: 비고 | I59: 44099 | J59: 김진수 | K59: 조기(기본) | L59: 0.35277778 | M59: 0.56458333 | P59: 조퇴
A60: 이은나 | C60: 0 | D60: 0 | I60: 44100 | J60: 김진수 | K60: 반차(토) | L60: 0.34027778 | M60: 0.53402778
A61: 김진수 | C61: 0 | D61: 0 | I61: 44101 | J61: 김진수 | K61: 휴일 | L61: - | M61: -
A62: 김수로 | C62: 0 | D62: 0 | I62: 44102 | J62: 김진수 | K62: 평일(기본) | L62: 0.35763889 | M62: 0.78472222
A63: 박인아 | C63: 0 | D63: 0 | I63: 44103 | J63: 김진수 | K63: 평일(야간) | L63: 0.43055556 | M63: 0.83611111 | N63: 야간근무
A64: 장현수 | C64: 0 | D64: 0 | I64: 44104 | J64: 김진수 | K64: 휴일 | L64: - | M64: -
A65: 최준식 | C65: 0 | D65: 0 | I65: 44075 | J65: 김수로 | K65: 휴일 | L65: - | M65: -
A66: 나가자 | C66: 0 | D66: 0 | I66: 44076 | J66: 김수로 | K66: 조기(수) | L66: 0.34166667 | M66: 0.52569444
I67: 44077 | J67: 김수로 | K67: 조기(기본) | L67: 0.34097222 | M67: 0.72986111
I68: 44078 | J68: 김수로 | K68: 평일(야간) | L68: 0.43055556 | N68: 야간근무
I69: 44079 | J69: 김수로 | K69: 평일(토) | L69: 0.34305556 | M69: 0.61944444
I70: 44080 | J70: 김수로 | K70: 휴일 | L70: - | M70: -
I71: 44081 | J71: 김수로 | K71: 평일(기본) | L71: 0.36458333 | M71: 0.77430556
I72: 44082 | J72: 김수로 | K72: 평일(기본) | L72: 0.36180556 | M72: 0.75208333
I73: 44083 | J73: 김수로 | K73: 평일(수) | L73: 0.35902778 | M73: 0.60138889
I74: 44084 | J74: 김수로 | K74: 평일(기본) | L74: 0.3625 | M74: 0.75972222
I75: 44085 | J75: 김수로 | K75: 평일(기본) | L75: 0.36319444 | M75: 0.75208333
I76: 44086 | J76: 김수로 | K76: 반차(토) | L76: 0.34027778 | M76: 0.52361111
I77: 44087 | J77: 김수로 | K77: 휴일 | L77: - | M77: -
I78: 44088 | J78: 김수로 | K78: 평일(기본) | L78: 0.36041667 | M78: 0.76736111
I79: 44089 | J79: 김수로 | K79: 평일(기본) | L79: 0.36041667 | M79: 0.75208333
I80: 44090 | J80: 김수로 | K80: 반차(수) | L80: 0.36111111 | M80: 0.52361111
I81: 44091 | J81: 김수로 | K81: 평일(기본) | M81: 0.75
I82: 44092 | J82: 김수로 | K82: 평일(야간) | L82: 0.425 | M82: 0.875 | N82: 야간근무
I83: 44093 | J83: 김수로 | K83: 평일(토) | M83: 0.61041667
I84: 44094 | J84: 김수로 | K84: 휴일 | L84: - | M84: -
I85: 44095 | J85: 김수로 | K85: 평일(기본) | L85: 0.35625 | M85: 0.75069444
I86: 44096 | J86: 김수로 | K86: 평일(기본) | M86: 0.75347222
I87: 44097 | J87: 김수로 | K87: 반차(수) | L87: 0.36319444 | M87: 0.5375
I88: 44098 | J88: 김수로 | K88: 평일(기본) | L88: 0.35972222 | M88: 0.76388889
I89: 44099 | J89: 김수로 | K89: 평일(기본) | L89: 0.35416667 | M89: 0.75277778
I90: 44100 | J90: 김수로 | K90: 반차(토) | L90: 0.33819444 | M90: 0.53263889
I91: 44101 | J91: 김수로 | K91: 휴일 | L91: - | M91: -
I92: 44102 | J92: 김수로 | K92: 평일(기본) | L92: 0.36180556 | M92: 0.78472222
I93: 44103 | J93: 김수로 | K93: 평일(기본) | L93: 0.35763889 | M93: 0.76111111
I94: 44104 | J94: 김수로 | K94: 휴일 | L94: - | M94: -
I95: 44075 | J95: 박인아 | K95: 평일(야간) | L95: 0.42569444 | M95: 0.88055556 | N95: 야간근무
I96: 44076 | J96: 박인아 | K96: 반차(수) | L96: 0.35208333 | M96: 0.53541667
I97: 44077 | J97: 박인아 | K97: 평일(기본) | L97: 0.35833333 | M97: 0.77430556
I98: 44078 | J98: 박인아 | K98: 조기(기본) | L98: 0.3375 | M98: 0.73194444
I99: 44079 | J99: 박인아 | K99: 반차(토) | L99: 0.33263889 | M99: 0.53611111
I100: 44080 | J100: 박인아 | K100: 휴일 | L100: - | M100: -
I101: 44081 | J101: 박인아 | K101: 조기(기본) | L101: 0.33958333 | M101: 0.73125
I102: 44082 | J102: 박인아 | K102: 조기(기본) | L102: 0.33888889 | M102: 0.73125
...

Sheet 수정기록
B2: 한마음 헤어샵 출퇴근 현황 (상세) - ver.2
B4: 출근일자 | C4: 성명 | D4: 구분 | E4: 출근 | F4: 퇴근 | G4: 야간근무 | H4: 지각 | I4: 조퇴 | K4: 원본과 같은가 | L4: 한 열만 볼 때 | M4: 다른 줄 수
B5: 44075 | C5: 이은나 | D5: 평일(기본) | E5: 0.3625 | F5: 0.75833333 | K5: =AND(B5=원본기록!I5,C5=원본기록!J5,D5=원본기록!K5,E5=원본기록!L5,F5=원본기록!M5,G5=원본기록!N5,H5=원본기록!O5,I5=원본기록!P5) | L5: =B5=원본기록!I5 | M5: =COUNTIF(K5:K563,FALSE)
B6: 44076 | C6: 이은나 | D6: 반차(수) | E6: 0.35902778 | F6: 0.52569444 | K6: =AND(B6=원본기록!I6,C6=원본기록!J6,D6=원본기록!K6,E6=원본기록!L6,F6=원본기록!M6,G6=원본기록!N6,H6=원본기록!O6,I6=원본기록!P6) | L6: =B6=원본기록!I6
B7: 44077 | C7: 이은나 | D7: 평일(기본) | E7: 0.35972222 | F7: 0.77430556 | K7: =AND(B7=원본기록!I7,C7=원본기록!J7,D7=원본기록!K7,E7=원본기록!L7,F7=원본기록!M7,G7=원본기록!N7,H7=원본기록!O7,I7=원본기록!P7) | L7: =B7=원본기록!I7
B8: 44078 | C8: 이은나 | D8: 평일(기본) | E8: 0.35763889 | F8: 0.75972222 | K8: =AND(B8=원본기록!I8,C8=원본기록!J8,D8=원본기록!K8,E8=원본기록!L8,F8=원본기록!M8,G8=원본기록!N8,H8=원본기록!O8,I8=원본기록!P8) | L8: =B8=원본기록!I8
B9: 44079 | C9: 이은나 | D9: 평일(토) | E9: 0.34097222 | F9: 0.61944444 | K9: =AND(B9=원본기록!I9,C9=원본기록!J9,D9=원본기록!K9,E9=원본기록!L9,F9=원본기록!M9,G9=원본기록!N9,H9=원본기록!O9,I9=원본기록!P9) | L9: =B9=원본기록!I9
B10: 44080 | C10: 이은나 | D10: 휴일 | E10: - | F10: - | K10: =AND(B10=원본기록!I10,C10=원본기록!J10,D10=원본기록!K10,E10=원본기록!L10,F10=원본기록!M10,G10=원본기록!N10,H10=원본기록!O10,I10=원본기록!P10) | L10: =B10=원본기록!I10
B11: 44081 | C11: 이은나 | D11: 평일(기본) | E11: 0.3625 | F11: 0.77430556 | K11: =AND(B11=원본기록!I11,C11=원본기록!J11,D11=원본기록!K11,E11=원본기록!L11,F11=원본기록!M11,G11=원본기록!N11,H11=원본기록!O11,I11=원본기록!P11) | L11: =B11=원본기록!I11
B12: 44082 | C12: 이은나 | D12: 평일(야간) | E12: 0.42847222 | F12: 0.86388889 | G12: 야간근무 | K12: =AND(B12=원본기록!I12,C12=원본기록!J12,D12=원본기록!K12,E12=원본기록!L12,F12=원본기록!M12,G12=원본기록!N12,H12=원본기록!O12,I12=원본기록!P12) | L12: =B12=원본기록!I12
B13: 44083 | C13: 이은나 | D13: 반차(수) | E13: 0.36041667 | F13: 0.53263889 | K13: =AND(B13=원본기록!I13,C13=원본기록!J13,D13=원본기록!K13,E13=원본기록!L13,F13=원본기록!M13,G13=원본기록!N13,H13=원본기록!O13,I13=원본기록!P13) | L13: =B13=원본기록!I13
B14: 44084 | C14: 이은나 | D14: 평일(기본) | E14: 0.36180556 | F14: 0.75972222 | K14: =AND(B14=원본기록!I14,C14=원본기록!J14,D14=원본기록!K14,E14=원본기록!L14,F14=원본기록!M14,G14=원본기록!N14,H14=원본기록!O14,I14=원본기록!P14) | L14: =B14=원본기록!I14
B15: 44085 | C15: 이은나 | D15: 평일(야간) | E15: 0.43055556 | F15: 0.84027778 | G15: 야간근무 | K15: =AND(B15=원본기록!I15,C15=원본기록!J15,D15=원본기록!K15,E15=원본기록!L15,F15=원본기록!M15,G15=원본기록!N15,H15=원본기록!O15,I15=원본기록!P15) | L15: =B15=원본기록!I15
B16: 44086 | C16: 이은나 | D16: 평일(토) | E16: 0.34166667 | F16: 0.60902778 | K16: =AND(B16=원본기록!I16,C16=원본기록!J16,D16=원본기록!K16,E16=원본기록!L16,F16=원본기록!M16,G16=원본기록!N16,H16=원본기록!O16,I16=원본기록!P16) | L16: =B16=원본기록!I16
B17: 44087 | C17: 이은나 | D17: 휴일 | E17: - | F17: - | K17: =AND(B17=원본기록!I17,C17=원본기록!J17,D17=원본기록!K17,E17=원본기록!L17,F17=원본기록!M17,G17=원본기록!N17,H17=원본기록!O17,I17=원본기록!P17) | L17: =B17=원본기록!I17
B18: 44088 | C18: 이은나 | D18: 조기(기본) | E18: 0.34236111 | F18: 0.73055556 | K18: =AND(B18=원본기록!I18,C18=원본기록!J18,D18=원본기록!K18,E18=원본기록!L18,F18=원본기록!M18,G18=원본기록!N18,H18=원본기록!O18,I18=원본기록!P18) | L18: =B18=원본기록!I18
B19: 44089 | C19: 이은나 | D19: 조기(기본) | E19: 0.34027778 | F19: 0.7375 | K19: =AND(B19=원본기록!I19,C19=원본기록!J19,D19=원본기록!K19,E19=원본기록!L19,F19=원본기록!M19,G19=원본기록!N19,H19=원본기록!O19,I19=원본기록!P19) | L19: =B19=원본기록!I19
B20: 44090 | C20: 이은나 | D20: 조기(수) | E20: 0.34166667 | F20: 0.57083333 | K20: =AND(B20=원본기록!I20,C20=원본기록!J20,D20=원본기록!K20,E20=원본기록!L20,F20=원본기록!M20,G20=원본기록!N20,H20=원본기록!O20,I20=원본기록!P20) | L20: =B20=원본기록!I20
B21: 44091 | C21: 이은나 | D21: 조기(기본) | E21: 0.34305556 | F21: 0.72916667 | K21: =AND(B21=원본기록!I21,C21=원본기록!J21,D21=원본기록!K21,E21=원본기록!L21,F21=원본기록!M21,G21=원본기록!N21,H21=원본기록!O21,I21=원본기록!P21) | L21: =B21=원본기록!I21
B22: 44092 | C22: 이은나 | D22: 조기(기본) | E22: 0.34236111 | F22: 0.73333333 | K22: =AND(B22=원본기록!I22,C22=원본기록!J22,D22=원본기록!K22,E22=원본기록!L22,F22=원본기록!M22,G22=원본기록!N22,H22=원본기록!O22,I22=원본기록!P22) | L22: =B22=원본기록!I22
B23: 44093 | C23: 이은나 | D23: 반차(토) | E23: 0.33958333 | F23: 0.52430556 | K23: =AND(B23=원본기록!I23,C23=원본기록!J23,D23=원본기록!K23,E23=원본기록!L23,F23=원본기록!M23,G23=원본기록!N23,H23=원본기록!O23,I23=원본기록!P23) | L23: =B23=원본기록!I23
B24: 44094 | C24: 이은나 | D24: 휴일 | E24: - | F24: - | K24: =AND(B24=원본기록!I24,C24=원본기록!J24,D24=원본기록!K24,E24=원본기록!L24,F24=원본기록!M24,G24=원본기록!N24,H24=원본기록!O24,I24=원본기록!P24) | L24: =B24=원본기록!I24
B25: 44095 | C25: 이은나 | D25: 평일(기본) | E25: 0.35972222 | F25: 0.78958333 | K25: =AND(B25=원본기록!I25,C25=원본기록!J25,D25=원본기록!K25,E25=원본기록!L25,F25=원본기록!M25,G25=원본기록!N25,H25=원본기록!O25,I25=원본기록!P25) | L25: =B25=원본기록!I25
B26: 44096 | C26: 이은나 | D26: 평일(야간) | E26: 0.42708333 | F26: 0.83819444 | G26: 야간근무 | K26: =AND(B26=원본기록!I26,C26=원본기록!J26,D26=원본기록!K26,E26=원본기록!L26,F26=원본기록!M26,G26=원본기록!N26,H26=원본기록!O26,I26=원본기록!P26) | L26: =B26=원본기록!I26
B27: 44097 | C27: 이은나 | D27: 반차(수) | E27: 0.35763889 | F27: 0.52361111 | K27: =AND(B27=원본기록!I27,C27=원본기록!J27,D27=원본기록!K27,E27=원본기록!L27,F27=원본기록!M27,G27=원본기록!N27,H27=원본기록!O27,I27=원본기록!P27) | L27: =B27=원본기록!I27
B28: 44098 | C28: 이은나 | D28: 평일(기본) | E28: 0.36319444 | F28: 0.79513889 | K28: =AND(B28=원본기록!I28,C28=원본기록!J28,D28=원본기록!K28,E28=원본기록!L28,F28=원본기록!M28,G28=원본기록!N28,H28=원본기록!O28,I28=원본기록!P28) | L28: =B28=원본기록!I28
B29: 44099 | C29: 이은나 | D29: 평일(야간) | E29: 0.42083333 | F29: 0.83194444 | G29: 야간근무 | I29: 조퇴 | K29: =AND(B29=원본기록!I29,C29=원본기록!J29,D29=원본기록!K29,E29=원본기록!L29,F29=원본기록!M29,G29=원본기록!N29,H29=원본기록!O29,I29=원본기록!P29) | L29: =B29=원본기록!I29
B30: 44100 | C30: 이은나 | D30: 평일(토) | E30: 0.34513889 | F30: 0.60555556 | K30: =AND(B30=원본기록!I30,C30=원본기록!J30,D30=원본기록!K30,E30=원본기록!L30,F30=원본기록!M30,G30=원본기록!N30,H30=원본기록!O30,I30=원본기록!P30) | L30: =B30=원본기록!I30
B31: 44101 | C31: 이은나 | D31: 휴일 | E31: - | F31: - | K31: =AND(B31=원본기록!I31,C31=원본기록!J31,D31=원본기록!K31,E31=원본기록!L31,F31=원본기록!M31,G31=원본기록!N31,H31=원본기록!O31,I31=원본기록!P31) | L31: =B31=원본기록!I31
B32: 44075 | C32: 이은나 | D32: 평일(기본) | E32: 0.36388889 | F32: 0.76666667 | K32: =AND(B32=원본기록!I32,C32=원본기록!J32,D32=원본기록!K32,E32=원본기록!L32,F32=원본기록!M32,G32=원본기록!N32,H32=원본기록!O32,I32=원본기록!P32) | L32: =B32=원본기록!I32
B33: 44103 | C33: 이은나 | D33: 평일(야간) | E33: 0.42083333 | F33: 0.83611111 | G33: 야간근무 | K33: =AND(B33=원본기록!I33,C33=원본기록!J33,D33=원본기록!K33,E33=원본기록!L33,F33=원본기록!M33,G33=원본기록!N33,H33=원본기록!O33,I33=원본기록!P33) | L33: =B33=원본기록!I33
B34: 44104 | C34: 이은나 | D34: 휴일 | E34: - | F34: - | K34: =AND(B34=원본기록!I34,C34=원본기록!J34,D34=원본기록!K34,E34=원본기록!L34,F34=원본기록!M34,G34=원본기록!N34,H34=원본기록!O34,I34=원본기록!P34) | L34: =B34=원본기록!I34
B35: 44075 | C35: 김진수 | D35: 평일(야간) | E35: 0.42222222 | F35: 0.88055556 | G35: 야간근무 | K35: =AND(B35=원본기록!I35,C35=원본기록!J35,D35=원본기록!K35,E35=원본기록!L35,F35=원본기록!M35,G35=원본기록!N35,H35=원본기록!O35,I35=원본기록!P35) | L35: =B35=원본기록!I35
B36: 44076 | C36: 김진수 | D36: 반차(수) | E36: 0.35763889 | F36: 0.53541667 | K36: =AND(B36=원본기록!I36,C36=원본기록!J36,D36=원본기록!K36,E36=원본기록!L36,F36=원본기록!M36,G36=원본기록!N36,H36=원본기록!O36,I36=원본기록!P36) | L36: =B36=원본기록!I36
B37: 44077 | C37: 김진수 | D37: 평일(기본) | E37: 0.36111111 | F37: 0.76527778 | K37: =AND(B37=원본기록!I37,C37=원본기록!J37,D37=원본기록!K37,E37=원본기록!L37,F37=원본기록!M37,G37=원본기록!N37,H37=원본기록!O37,I37=원본기록!P37) | L37: =B37=원본기록!I37
B38: 44078 | C38: 김진수 | D38: 평일(야간) | E38: 0.42916667 | F38: 0.84097222 | G38: 야간근무 | K38: =AND(B38=원본기록!I38,C38=원본기록!J38,D38=원본기록!K38,E38=원본기록!L38,F38=원본기록!M38,G38=원본기록!N38,H38=원본기록!O38,I38=원본기록!P38) | L38: =B38=원본기록!I38
B39: 44079 | C39: 김진수 | D39: 평일(토) | E39: 0.34861111 | F39: 0.6 | K39: =AND(B39=원본기록!I39,C39=원본기록!J39,D39=원본기록!K39,E39=원본기록!L39,F39=원본기록!M39,G39=원본기록!N39,H39=원본기록!O39,I39=원본기록!P39) | L39: =B39=원본기록!I39
B40: 44080 | C40: 김진수 | D40: 휴일 | E40: - | F40: - | K40: =AND(B40=원본기록!I40,C40=원본기록!J40,D40=원본기록!K40,E40=원본기록!L40,F40=원본기록!M40,G40=원본기록!N40,H40=원본기록!O40,I40=원본기록!P40) | L40: =B40=원본기록!I40
B41: 44081 | C41: 김진수 | D41: 평일(기본) | E41: 0.35972222 | F41: 0.77430556 | K41: =AND(B41=원본기록!I41,C41=원본기록!J41,D41=원본기록!K41,E41=원본기록!L41,F41=원본기록!M41,G41=원본기록!N41,H41=원본기록!O41,I41=원본기록!P41) | L41: =B41=원본기록!I41
B42: 44082 | C42: 김진수 | D42: 평일(야간) | E42: 0.43819444 | F42: 0.86388889 | G42: 야간근무 | H42: 지각 | K42: =AND(B42=원본기록!I42,C42=원본기록!J42,D42=원본기록!K42,E42=원본기록!L42,F42=원본기록!M42,G42=원본기록!N42,H42=원본기록!O42,I42=원본기록!P42) | L42: =B42=원본기록!I42
B43: 44083 | C43: 김진수 | D43: 반차(수) | E43: 0.35763889 | F43: 0.53263889 | K43: =AND(B43=원본기록!I43,C43=원본기록!J43,D43=원본기록!K43,E43=원본기록!L43,F43=원본기록!M43,G43=원본기록!N43,H43=원본기록!O43,I43=원본기록!P43) | L43: =B43=원본기록!I43
B44: 44084 | C44: 김진수 | D44: 평일(기본) | E44: 0.35486111 | F44: 0.76041667 | K44: =AND(B44=원본기록!I44,C44=원본기록!J44,D44=원본기록!K44,E44=원본기록!L44,F44=원본기록!M44,G44=원본기록!N44,H44=원본기록!O44,I44=원본기록!P44) | L44: =B44=원본기록!I44
B45: 44085 | C45: 김진수 | D45: 평일(기본) | E45: 0.34513889 | F45: 0.75208333 | K45: =AND(B45=원본기록!I45,C45=원본기록!J45,D45=원본기록!K45,E45=원본기록!L45,F45=원본기록!M45,G45=원본기록!N45,H45=원본기록!O45,I45=원본기록!P45) | L45: =B45=원본기록!I45
B46: 44086 | C46: 김진수 | D46: 평일(토) | E46: 0.34236111 | F46: 0.60902778 | K46: =AND(B46=원본기록!I46,C46=원본기록!J46,D46=원본기록!K46,E46=원본기록!L46,F46=원본기록!M46,G46=원본기록!N46,H46=원본기록!O46,I46=원본기록!P46) | L46: =B46=원본기록!I46
B47: 44087 | C47: 김진수 | D47: 휴일 | E47: - | F47: - | K47: =AND(B47=원본기록!I47,C47=원본기록!J47,D47=원본기록!K47,E47=원본기록!L47,F47=원본기록!M47,G47=원본기록!N47,H47=원본기록!O47,I47=원본기록!P47) | L47: =B47=원본기록!I47
B48: 44088 | C48: 김진수 | D48: 평일(기본) | E48: 0.35763889 | F48: 0.76805556 | K48: =AND(B48=원본기록!I48,C48=원본기록!J48,D48=원본기록!K48,E48=원본기록!L48,F48=원본기록!M48,G48=원본기록!N48,H48=원본기록!O48,I48=원본기록!P48) | L48: =B48=원본기록!I48
B49: 44089 | C49: 김진수 | D49: 평일(야간) | E49: 0.42222222 | F49: 0.84027778 | G49: 야간근무 | K49: =AND(B49=원본기록!I49,C49=원본기록!J49,D49=원본기록!K49,E49=원본기록!L49,F49=원본기록!M49,G49=원본기록!N49,H49=원본기록!O49,I49=원본기록!P49) | L49: =B49=원본기록!I49
B50: 44090 | C50: 김진수 | D50: 반차(수) | E50: 0.35972222 | F50: 0.57083333 | K50: =AND(B50=원본기록!I50,C50=원본기록!J50,D50=원본기록!K50,E50=원본기록!L50,F50=원본기록!M50,G50=원본기록!N50,H50=원본기록!O50,I50=원본기록!P50) | L50: =B50=원본기록!I50
B51: 44091 | C51: 김진수 | D51: 평일(기본) | E51: 0.35625 | K51: =AND(B51=원본기록!I51,C51=원본기록!J51,D51=원본기록!K51,E51=원본기록!L51,F51=원본기록!M51,G51=원본기록!N51,H51=원본기록!O51,I51=원본기록!P51) | L51: =B51=원본기록!I51
B52: 44092 | C52: 김진수 | D52: 평일(야간) | E52: 0.43333333 | F52: 0.85069444 | G52: 야간근무 | K52: =AND(B52=원본기록!I52,C52=원본기록!J52,D52=원본기록!K52,E52=원본기록!L52,F52=원본기록!M52,G52=원본기록!N52,H52=원본기록!O52,I52=원본기록!P52) | L52: =B52=원본기록!I52
B53: 44093 | C53: 김진수 | D53: 평일(토) | E53: 0.33680556 | F53: 0.60902778 | K53: =AND(B53=원본기록!I53,C53=원본기록!J53,D53=원본기록!K53,E53=원본기록!L53,F53=원본기록!M53,G53=원본기록!N53,H53=원본기록!O53,I53=원본기록!P53) | L53: =B53=원본기록!I53
B54: 44094 | C54: 김진수 | D54: 휴일 | E54: - | F54: - | K54: =AND(B54=원본기록!I54,C54=원본기록!J54,D54=원본기록!K54,E54=원본기록!L54,F54=원본기록!M54,G54=원본기록!N54,H54=원본기록!O54,I54=원본기록!P54) | L54: =B54=원본기록!I54
B55: 44095 | C55: 김진수 | D55: 조기(기본) | E55: 0.33263889 | F55: 0.73125 | K55: =AND(B55=원본기록!I55,C55=원본기록!J55,D55=원본기록!K55,E55=원본기록!L55,F55=원본기록!M55,G55=원본기록!N55,H55=원본기록!O55,I55=원본기록!P55) | L55: =B55=원본기록!I55
B56: 44096 | C56: 김진수 | D56: 조기(기본) | E56: 0.34722222 | F56: 0.73333333 | K56: =AND(B56=원본기록!I56,C56=원본기록!J56,D56=원본기록!K56,E56=원본기록!L56,F56=원본기록!M56,G56=원본기록!N56,H56=원본기록!O56,I56=원본기록!P56) | L56: =B56=원본기록!I56
B57: 44097 | C57: 김진수 | D57: 조기(수) | E57: 0.33888889 | F57: 0.52361111 | K57: =AND(B57=원본기록!I57,C57=원본기록!J57,D57=원본기록!K57,E57=원본기록!L57,F57=원본기록!M57,G57=원본기록!N57,H57=원본기록!O57,I57=원본기록!P57) | L57: =B57=원본기록!I57
B58: 44098 | C58: 김진수 | D58: 조기(기본) | E58: 0.34513889 | F58: 0.73263889 | K58: =AND(B58=원본기록!I58,C58=원본기록!J58,D58=원본기록!K58,E58=원본기록!L58,F58=원본기록!M58,G58=원본기록!N58,H58=원본기록!O58,I58=원본기록!P58) | L58: =B58=원본기록!I58
B59: 44099 | C59: 김진수 | D59: 조기(기본) | E59: 0.35277778 | F59: 0.56458333 | I59: 조퇴 | K59: =AND(B59=원본기록!I59,C59=원본기록!J59,D59=원본기록!K59,E59=원본기록!L59,F59=원본기록!M59,G59=원본기록!N59,H59=원본기록!O59,I59=원본기록!P59) | L59: =B59=원본기록!I59
B60: 44100 | C60: 김진수 | D60: 반차(토) | E60: 0.34027778 | F60: 0.53402778 | K60: =AND(B60=원본기록!I60,C60=원본기록!J60,D60=원본기록!K60,E60=원본기록!L60,F60=원본기록!M60,G60=원본기록!N60,H60=원본기록!O60,I60=원본기록!P60) | L60: =B60=원본기록!I60
B61: 44101 | C61: 김진수 | D61: 휴일 | E61: - | F61: - | K61: =AND(B61=원본기록!I61,C61=원본기록!J61,D61=원본기록!K61,E61=원본기록!L61,F61=원본기록!M61,G61=원본기록!N61,H61=원본기록!O61,I61=원본기록!P61) | L61: =B61=원본기록!I61
B62: 44102 | C62: 김진수 | D62: 평일(기본) | E62: 0.35763889 | F62: 0.78472222 | K62: =AND(B62=원본기록!I62,C62=원본기록!J62,D62=원본기록!K62,E62=원본기록!L62,F62=원본기록!M62,G62=원본기록!N62,H62=원본기록!O62,I62=원본기록!P62) | L62: =B62=원본기록!I62
B63: 44103 | C63: 김진수 | D63: 평일(야간) | E63: 0.43055556 | F63: 0.83611111 | G63: 야간근무 | K63: =AND(B63=원본기록!I63,C63=원본기록!J63,D63=원본기록!K63,E63=원본기록!L63,F63=원본기록!M63,G63=원본기록!N63,H63=원본기록!O63,I63=원본기록!P63) | L63: =B63=원본기록!I63
B64: 44104 | C64: 김진수 | D64: 휴일 | E64: - | F64: - | K64: =AND(B64=원본기록!I64,C64=원본기록!J64,D64=원본기록!K64,E64=원본기록!L64,F64=원본기록!M64,G64=원본기록!N64,H64=원본기록!O64,I64=원본기록!P64) | L64: =B64=원본기록!I64
B65: 44075 | C65: 김수로 | D65: 휴일 | E65: - | F65: - | K65: =AND(B65=원본기록!I65,C65=원본기록!J65,D65=원본기록!K65,E65=원본기록!L65,F65=원본기록!M65,G65=원본기록!N65,H65=원본기록!O65,I65=원본기록!P65) | L65: =B65=원본기록!I65
B66: 44076 | C66: 김수로 | D66: 조기(수) | E66: 0.34166667 | F66: 0.52569444 | K66: =AND(B66=원본기록!I66,C66=원본기록!J66,D66=원본기록!K66,E66=원본기록!L66,F66=원본기록!M66,G66=원본기록!N66,H66=원본기록!O66,I66=원본기록!P66) | L66: =B66=원본기록!I66
B67: 44077 | C67: 김수로 | D67: 조기(기본) | E67: 0.34097222 | F67: 0.72986111 | K67: =AND(B67=원본기록!I67,C67=원본기록!J67,D67=원본기록!K67,E67=원본기록!L67,F67=원본기록!M67,G67=원본기록!N67,H67=원본기록!O67,I67=원본기록!P67) | L67: =B67=원본기록!I67
B68: 44078 | C68: 김수로 | D68: 평일(야간) | E68: 0.43055556 | G68: 야간근무 | K68: =AND(B68=원본기록!I68,C68=원본기록!J68,D68=원본기록!K68,E68=원본기록!L68,F68=원본기록!M68,G68=원본기록!N68,H68=원본기록!O68,I68=원본기록!P68) | L68: =B68=원본기록!I68
B69: 44079 | C69: 김수로 | D69: 평일(토) | E69: 0.34305556 | F69: 0.61944444 | K69: =AND(B69=원본기록!I69,C69=원본기록!J69,D69=원본기록!K69,E69=원본기록!L69,F69=원본기록!M69,G69=원본기록!N69,H69=원본기록!O69,I69=원본기록!P69) | L69: =B69=원본기록!I69
B70: 44080 | C70: 김수로 | D70: 휴일 | E70: - | F70: - | K70: =AND(B70=원본기록!I70,C70=원본기록!J70,D70=원본기록!K70,E70=원본기록!L70,F70=원본기록!M70,G70=원본기록!N70,H70=원본기록!O70,I70=원본기록!P70) | L70: =B70=원본기록!I70
B71: 44081 | C71: 김수로 | D71: 평일(기본) | E71: 0.36458333 | F71: 0.77430556 | K71: =AND(B71=원본기록!I71,C71=원본기록!J71,D71=원본기록!K71,E71=원본기록!L71,F71=원본기록!M71,G71=원본기록!N71,H71=원본기록!O71,I71=원본기록!P71) | L71: =B71=원본기록!I71
B72: 44082 | C72: 김수로 | D72: 평일(기본) | E72: 0.36180556 | F72: 0.75208333 | K72: =AND(B72=원본기록!I72,C72=원본기록!J72,D72=원본기록!K72,E72=원본기록!L72,F72=원본기록!M72,G72=원본기록!N72,H72=원본기록!O72,I72=원본기록!P72) | L72: =B72=원본기록!I72
B73: 44083 | C73: 김수로 | D73: 평일(수) | E73: 0.35902778 | F73: 0.60138889 | K73: =AND(B73=원본기록!I73,C73=원본기록!J73,D73=원본기록!K73,E73=원본기록!L73,F73=원본기록!M73,G73=원본기록!N73,H73=원본기록!O73,I73=원본기록!P73) | L73: =B73=원본기록!I73
B74: 44084 | C74: 김수로 | D74: 평일(기본) | E74: 0.3625 | F74: 0.75972222 | K74: =AND(B74=원본기록!I74,C74=원본기록!J74,D74=원본기록!K74,E74=원본기록!L74,F74=원본기록!M74,G74=원본기록!N74,H74=원본기록!O74,I74=원본기록!P74) | L74: =B74=원본기록!I74
B75: 44085 | C75: 김수로 | D75: 평일(기본) | E75: 0.36319444 | F75: 0.75208333 | K75: =AND(B75=원본기록!I75,C75=원본기록!J75,D75=원본기록!K75,E75=원본기록!L75,F75=원본기록!M75,G75=원본기록!N75,H75=원본기록!O75,I75=원본기록!P75) | L75: =B75=원본기록!I75
B76: 44086 | C76: 김수로 | D76: 반차(토) | E76: 0.34027778 | F76: 0.52361111 | K76: =AND(B76=원본기록!I76,C76=원본기록!J76,D76=원본기록!K76,E76=원본기록!L76,F76=원본기록!M76,G76=원본기록!N76,H76=원본기록!O76,I76=원본기록!P76) | L76: =B76=원본기록!I76
B77: 44087 | C77: 김수로 | D77: 휴일 | E77: - | F77: - | K77: =AND(B77=원본기록!I77,C77=원본기록!J77,D77=원본기록!K77,E77=원본기록!L77,F77=원본기록!M77,G77=원본기록!N77,H77=원본기록!O77,I77=원본기록!P77) | L77: =B77=원본기록!I77
B78: 44088 | C78: 김수로 | D78: 평일(기본) | E78: 0.36041667 | F78: 0.76736111 | K78: =AND(B78=원본기록!I78,C78=원본기록!J78,D78=원본기록!K78,E78=원본기록!L78,F78=원본기록!M78,G78=원본기록!N78,H78=원본기록!O78,I78=원본기록!P78) | L78: =B78=원본기록!I78
B79: 44089 | C79: 김수로 | D79: 평일(기본) | E79: 0.36041667 | F79: 0.75208333 | K79: =AND(B79=원본기록!I79,C79=원본기록!J79,D79=원본기록!K79,E79=원본기록!L79,F79=원본기록!M79,G79=원본기록!N79,H79=원본기록!O79,I79=원본기록!P79) | L79: =B79=원본기록!I79
B80: 44090 | C80: 김수로 | D80: 반차(수) | E80: 0.36111111 | F80: 0.52361111 | K80: =AND(B80=원본기록!I80,C80=원본기록!J80,D80=원본기록!K80,E80=원본기록!L80,F80=원본기록!M80,G80=원본기록!N80,H80=원본기록!O80,I80=원본기록!P80) | L80: =B80=원본기록!I80
B81: 44091 | C81: 김수로 | D81: 평일(기본) | F81: 0.75 | K81: =AND(B81=원본기록!I81,C81=원본기록!J81,D81=원본기록!K81,E81=원본기록!L81,F81=원본기록!M81,G81=원본기록!N81,H81=원본기록!O81,I81=원본기록!P81) | L81: =B81=원본기록!I81
B82: 44092 | C82: 김수로 | D82: 평일(야간) | E82: 0.425 | F82: 0.875 | G82: 야간근무 | K82: =AND(B82=원본기록!I82,C82=원본기록!J82,D82=원본기록!K82,E82=원본기록!L82,F82=원본기록!M82,G82=원본기록!N82,H82=원본기록!O82,I82=원본기록!P82) | L82: =B82=원본기록!I82
B83: 44093 | C83: 김수로 | D83: 평일(토) | F83: 0.61041667 | K83: =AND(B83=원본기록!I83,C83=원본기록!J83,D83=원본기록!K83,E83=원본기록!L83,F83=원본기록!M83,G83=원본기록!N83,H83=원본기록!O83,I83=원본기록!P83) | L83: =B83=원본기록!I83
B84: 44094 | C84: 김수로 | D84: 휴일 | E84: - | F84: - | K84: =AND(B84=원본기록!I84,C84=원본기록!J84,D84=원본기록!K84,E84=원본기록!L84,F84=원본기록!M84,G84=원본기록!N84,H84=원본기록!O84,I84=원본기록!P84) | L84: =B84=원본기록!I84
B85: 44095 | C85: 김수로 | D85: 평일(기본) | E85: 0.35625 | F85: 0.75069444 | K85: =AND(B85=원본기록!I85,C85=원본기록!J85,D85=원본기록!K85,E85=원본기록!L85,F85=원본기록!M85,G85=원본기록!N85,H85=원본기록!O85,I85=원본기록!P85) | L85: =B85=원본기록!I85
B86: 44096 | C86: 김수로 | D86: 평일(기본) | F86: 0.75347222 | K86: =AND(B86=원본기록!I86,C86=원본기록!J86,D86=원본기록!K86,E86=원본기록!L86,F86=원본기록!M86,G86=원본기록!N86,H86=원본기록!O86,I86=원본기록!P86) | L86: =B86=원본기록!I86
B87: 44097 | C87: 김수로 | D87: 반차(수) | E87: 0.36319444 | F87: 0.5375 | K87: =AND(B87=원본기록!I87,C87=원본기록!J87,D87=원본기록!K87,E87=원본기록!L87,F87=원본기록!M87,G87=원본기록!N87,H87=원본기록!O87,I87=원본기록!P87) | L87: =B87=원본기록!I87
B88: 44098 | C88: 김수로 | D88: 평일(기본) | E88: 0.35972222 | F88: 0.76388889 | K88: =AND(B88=원본기록!I88,C88=원본기록!J88,D88=원본기록!K88,E88=원본기록!L88,F88=원본기록!M88,G88=원본기록!N88,H88=원본기록!O88,I88=원본기록!P88) | L88: =B88=원본기록!I88
B89: 44099 | C89: 김수로 | D89: 평일(기본) | E89: 0.35416667 | F89: 0.75277778 | K89: =AND(B89=원본기록!I89,C89=원본기록!J89,D89=원본기록!K89,E89=원본기록!L89,F89=원본기록!M89,G89=원본기록!N89,H89=원본기록!O89,I89=원본기록!P89) | L89: =B89=원본기록!I89
B90: 44100 | C90: 김수로 | D90: 반차(토) | E90: 0.33819444 | F90: 0.53263889 | K90: =AND(B90=원본기록!I90,C90=원본기록!J90,D90=원본기록!K90,E90=원본기록!L90,F90=원본기록!M90,G90=원본기록!N90,H90=원본기록!O90,I90=원본기록!P90) | L90: =B90=원본기록!I90
B91: 44101 | C91: 김수로 | D91: 휴일 | E91: - | F91: - | K91: =AND(B91=원본기록!I91,C91=원본기록!J91,D91=원본기록!K91,E91=원본기록!L91,F91=원본기록!M91,G91=원본기록!N91,H91=원본기록!O91,I91=원본기록!P91) | L91: =B91=원본기록!I91
B92: 44102 | C92: 김수로 | D92: 평일(기본) | E92: 0.36180556 | F92: 0.78472222 | K92: =AND(B92=원본기록!I92,C92=원본기록!J92,D92=원본기록!K92,E92=원본기록!L92,F92=원본기록!M92,G92=원본기록!N92,H92=원본기록!O92,I92=원본기록!P92) | L92: =B92=원본기록!I92
B93: 44103 | C93: 김수로 | D93: 평일(기본) | E93: 0.35763889 | F93: 0.76111111 | K93: =AND(B93=원본기록!I93,C93=원본기록!J93,D93=원본기록!K93,E93=원본기록!L93,F93=원본기록!M93,G93=원본기록!N93,H93=원본기록!O93,I93=원본기록!P93) | L93: =B93=원본기록!I93
B94: 44104 | C94: 김수로 | D94: 휴일 | E94: - | F94: - | K94: =AND(B94=원본기록!I94,C94=원본기록!J94,D94=원본기록!K94,E94=원본기록!L94,F94=원본기록!M94,G94=원본기록!N94,H94=원본기록!O94,I94=원본기록!P94) | L94: =B94=원본기록!I94
B95: 44075 | C95: 박인아 | D95: 평일(야간) | E95: 0.42569444 | F95: 0.88055556 | G95: 야간근무 | K95: =AND(B95=원본기록!I95,C95=원본기록!J95,D95=원본기록!K95,E95=원본기록!L95,F95=원본기록!M95,G95=원본기록!N95,H95=원본기록!O95,I95=원본기록!P95) | L95: =B95=원본기록!I95
B96: 44076 | C96: 박인아 | D96: 반차(수) | E96: 0.35208333 | F96: 0.53541667 | K96: =AND(B96=원본기록!I96,C96=원본기록!J96,D96=원본기록!K96,E96=원본기록!L96,F96=원본기록!M96,G96=원본기록!N96,H96=원본기록!O96,I96=원본기록!P96) | L96: =B96=원본기록!I96
B97: 44077 | C97: 박인아 | D97: 평일(기본) | E97: 0.35833333 | F97: 0.77430556 | K97: =AND(B97=원본기록!I97,C97=원본기록!J97,D97=원본기록!K97,E97=원본기록!L97,F97=원본기록!M97,G97=원본기록!N97,H97=원본기록!O97,I97=원본기록!P97) | L97: =B97=원본기록!I97
B98: 44078 | C98: 박인아 | D98: 조기(기본) | E98: 0.3375 | F98: 0.73194444 | K98: =AND(B98=원본기록!I98,C98=원본기록!J98,D98=원본기록!K98,E98=원본기록!L98,F98=원본기록!M98,G98=원본기록!N98,H98=원본기록!O98,I98=원본기록!P98) | L98: =B98=원본기록!I98
B99: 44079 | C99: 박인아 | D99: 반차(토) | E99: 0.33263889 | F99: 0.53611111 | K99: =AND(B99=원본기록!I99,C99=원본기록!J99,D99=원본기록!K99,E99=원본기록!L99,F99=원본기록!M99,G99=원본기록!N99,H99=원본기록!O99,I99=원본기록!P99) | L99: =B99=원본기록!I99
B100: 44080 | C100: 박인아 | D100: 휴일 | E100: - | F100: - | K100: =AND(B100=원본기록!I100,C100=원본기록!J100,D100=원본기록!K100,E100=원본기록!L100,F100=원본기록!M100,G100=원본기록!N100,H100=원본기록!O100,I100=원본기록!P100) | L100: =B100=원본기록!I100
B101: 44081 | C101: 박인아 | D101: 조기(기본) | E101: 0.33958333 | F101: 0.73125 | K101: =AND(B101=원본기록!I101,C101=원본기록!J101,D101=원본기록!K101,E101=원본기록!L101,F101=원본기록!M101,G101=원본기록!N101,H101=원본기록!O101,I101=원본기록!P101) | L101: =B101=원본기록!I101
B102: 44082 | C102: 박인아 | D102: 조기(기본) | E102: 0.33888889 | F102: 0.73125 | K102: =AND(B102=원본기록!I102,C102=원본기록!J102,D102=원본기록!K102,E102=원본기록!L102,F102=원본기록!M102,G102=원본기록!N102,H102=원본기록!O102,I102=원본기록!P102) | L102: =B102=원본기록!I102
...
